{
	"partitions" : [
		{
			"name" : "Top",
			"pins" : [
				{
					"name" : "CT",
					"strict" : false
				},
				{
					"name" : "C[3]",
					"strict" : false
				},
				{
					"name" : "C[2]",
					"strict" : false
				},
				{
					"name" : "C[1]",
					"strict" : false
				},
				{
					"name" : "C[0]",
					"strict" : false
				},
				{
					"name" : "SD[0]",
					"strict" : false
				},
				{
					"name" : "CLK",
					"strict" : false
				},
				{
					"name" : "RST",
					"strict" : false
				},
				{
					"name" : "SD[3]",
					"strict" : false
				},
				{
					"name" : "SD[1]",
					"strict" : false
				},
				{
					"name" : "SD[2]",
					"strict" : false
				}
			]
		}
	]
}