{
	"partitions" : [
		{
			"name" : "Top",
			"pins" : [
				{
					"name" : "dinshi_out",
					"strict" : false
				},
				{
					"name" : "weishu[3]",
					"strict" : false
				},
				{
					"name" : "weishu[2]",
					"strict" : false
				},
				{
					"name" : "weishu[1]",
					"strict" : false
				},
				{
					"name" : "weishu[0]",
					"strict" : false
				},
				{
					"name" : "xianshi[6]",
					"strict" : false
				},
				{
					"name" : "xianshi[5]",
					"strict" : false
				},
				{
					"name" : "xianshi[4]",
					"strict" : false
				},
				{
					"name" : "xianshi[3]",
					"strict" : false
				},
				{
					"name" : "xianshi[2]",
					"strict" : false
				},
				{
					"name" : "xianshi[1]",
					"strict" : false
				},
				{
					"name" : "xianshi[0]",
					"strict" : false
				},
				{
					"name" : "LDN",
					"strict" : false
				},
				{
					"name" : "CLR",
					"strict" : false
				},
				{
					"name" : "EN",
					"strict" : false
				},
				{
					"name" : "CLK",
					"strict" : false
				}
			]
		}
	]
}