{
	"partitions" : [
		{
			"name" : "Top",
			"pins" : [
				{
					"name" : "Q0",
					"strict" : false
				},
				{
					"name" : "Q1",
					"strict" : false
				},
				{
					"name" : "Q2",
					"strict" : false
				},
				{
					"name" : "Q3",
					"strict" : false
				},
				{
					"name" : "Q4",
					"strict" : false
				},
				{
					"name" : "Q5",
					"strict" : false
				},
				{
					"name" : "Q6",
					"strict" : false
				},
				{
					"name" : "Q7",
					"strict" : false
				},
				{
					"name" : "CLK",
					"strict" : false
				}
			]
		}
	]
}