{
	"partitions" : [
		{
			"name" : "Top",
			"pins" : [
				{
					"name" : "G3",
					"strict" : false
				},
				{
					"name" : "G2",
					"strict" : false
				},
				{
					"name" : "G1",
					"strict" : false
				},
				{
					"name" : "G0",
					"strict" : false
				},
				{
					"name" : "B3",
					"strict" : false
				},
				{
					"name" : "B2",
					"strict" : false
				},
				{
					"name" : "B1",
					"strict" : false
				},
				{
					"name" : "B0",
					"strict" : false
				}
			]
		}
	]
}